<?xml version='1.0' encoding='utf-8' standalone='yes' ?>
<map>
    <string name="viper4android.headphonefx.outvol">180</string>
    <boolean name="viper4android.headphonefx.playbackgain.enable" value="false" />
    <string name="viper4android.headphonefx.fireq.custom">4.0;4.0;3.25;1.0;0.0;0.0;-1.0;-0.5;2.0;3.5;</string>
    <string name="viper4android.headphonefx.diffsurr.delay">800</string>
    <string name="viper4android.headphonefx.fidelity.clarity.gain">250</string>
    <boolean name="viper4android.speakerfx.enable" value="false" />
    <string name="viper4android.headphonefx.fidelity.bass.mode">0</string>
    <string name="viper4android.headphonefx.dynamicsystem.bass">100</string>
    <boolean name="viper4android.headphonefx.analogx.enable" value="false" />
    <string name="viper4android.headphonefx.playbackgain.maxscaler">500</string>
    <string name="viper4android.headphonefx.reverb.roomwidth">0</string>
    <boolean name="viper4android.headphonefx.fidelity.clarity.enable" value="false" />
    <string name="viper4android.headphonefx.colorfulmusic.midimage">100</string>
    <string name="viper4android.headphonefx.dynamicsystem.coeffs">1000;6200;40;80;0;10</string>
    <string name="viper4android.headphonefx.fidelity.clarity.mode">2</string>
    <boolean name="viper4android.headphonefx.convolver.enable" value="false" />
    <boolean name="viper4android.headphonefx.tube.enable" value="false" />
    <boolean name="viper4android.headphonefx.diffsurr.enable" value="false" />
    <string name="viper4android.headphonefx.playbackgain.ratio">100</string>
    <boolean name="viper4android.headphonefx.colorfulmusic.enable" value="false" />
    <string name="viper4android.headphonefx.vhs.qual">0</string>
    <string name="viper4android.headphonefx.viperddc.device">FILE:Custom_jmxc23.vdc</string>
    <string name="viper4android.headphonefx.fireq">4.0;4.0;3.25;1.0;0.0;0.0;-1.0;-0.5;2.0;3.5;</string>
    <boolean name="viper4android.headphonefx.reverb.enable" value="false" />
    <string name="viper4android.headphonefx.convolver.crosschannel">0</string>
    <string name="viper4android.headphonefx.reverb.dry">100</string>
    <string name="viper4android.headphonefx.convolver.kernel">/storage/emulated/legacy/ViPER4Android/Kernel/Sony Xperia ((128K MP3)) Clear bass MAX.irs</string>
    <string name="viper4android.speakerfx.limiter">100</string>
    <boolean name="viper4android.headphonefx.fidelity.bass.enable" value="false" />
    <string name="viper4android.headphonefx.fidelity.bass.freq">40</string>
    <boolean name="viper4android.headphonefx.vhs.enable" value="false" />
    <boolean name="viper4android.headphonefx.dynamicsystem.enable" value="false" />
    <string name="viper4android.headphonefx.fidelity.bass.gain">250</string>
    <boolean name="viper4android.global.forceenable.enable" value="false" />
    <string name="viper4android.headphonefx.colorfulmusic.coeffs">170;575</string>
    <string name="viper4android.headphonefx.reverb.damp">0</string>
    <string name="viper4android.headphonefx.analogx.mode">1</string>
    <string name="viper4android.headphonefx.reverb.roomsize">0</string>
    <string name="viper4android.headphonefx.limiter">90</string>
    <boolean name="viper4android.headphonefx.fireq.enable" value="false" />
    <string name="viper4android.headphonefx.playbackgain.volume">90</string>
    <string name="viper4android.headphonefx.channelpan">0</string>
    <boolean name="viper4android.headphonefx.enable" value="true" />
    <boolean name="viper4android.headphonefx.cure.enable" value="false" />
    <string name="viper4android.headphonefx.reverb.wet">0</string>
    <string name="viper4android.headphonefx.cure.crossfeed">1</string>
    <string name="viper4android.headphonefx.vse.value">0.1</string>
    <boolean name="viper4android.speakerfx.spkopt.enable" value="false" />
</map>
