<?xml version='1.0' encoding='utf-8' standalone='yes' ?>
<map>
    <string name="viper4android.headphonefx.outvol">100</string>
    <string name="viper4android.headphonefx.fireq.custom">2.4;3.3;3.3;2.4;0.4;2.2;2.9;3.9;3.6;1.5;</string>
    <string name="viper4android.headphonefx.diffsurr.delay">200</string>
    <string name="viper4android.headphonefx.fidelity.clarity.gain">100</string>
    <string name="viper4android.headphonefx.fidelity.bass.mode">0</string>
    <string name="viper4android.headphonefx.dynamicsystem.bass">28</string>
    <string name="viper4android.headphonefx.playbackgain.maxscaler">300</string>
    <string name="viper4android.headphonefx.reverb.roomwidth">100</string>
    <string name="viper4android.headphonefx.colorfulmusic.midimage">130</string>
    <string name="viper4android.headphonefx.dynamicsystem.coeffs">1000;6200;40;80;0;10</string>
    <string name="viper4android.headphonefx.fidelity.clarity.mode">0</string>
    <string name="viper4android.headphonefx.playbackgain.ratio">300</string>
    <string name="viper4android.headphonefx.vhs.qual">1</string>
    <string name="viper4android.headphonefx.viperddc.device">FILE:Percocet.vdc</string>
    <string name="viper4android.headphonefx.fireq">custom</string>
    <string name="viper4android.headphonefx.convolver.crosschannel">40</string>
    <string name="viper4android.headphonefx.reverb.dry">50</string>
    <string name="viper4android.headphonefx.convolver.kernel">/storage/emulated/legacy/ViPER4Android/Kernel/Natural Sound.irs</string>
    <string name="viper4android.headphonefx.fidelity.bass.freq">100</string>
    <string name="viper4android.headphonefx.fidelity.bass.gain">50</string>
    <string name="viper4android.headphonefx.colorfulmusic.coeffs">140;350</string>
    <string name="viper4android.headphonefx.analogx.mode">1</string>
    <string name="viper4android.headphonefx.reverb.damp">0</string>
    <string name="viper4android.headphonefx.reverb.roomsize">100</string>
    <string name="viper4android.headphonefx.limiter">100</string>
    <boolean name="viper4android.headphonefx.enable" value="true" />
    <string name="viper4android.headphonefx.playbackgain.volume">100</string>
    <string name="viper4android.headphonefx.channelpan">0</string>
    <string name="viper4android.headphonefx.reverb.wet">0</string>
    <string name="viper4android.headphonefx.cure.crossfeed">2</string>
    <string name="viper4android.headphonefx.vse.value">0.1</string>
</map>
