<?xml version='1.0' encoding='utf-8' standalone='yes' ?>
<map>
    <string name="viper4android.headphonefx.outvol">150</string>
    <string name="viper4android.ddcblock.3908349985">0.981523586095181,-1.93850922265967,0.957082049323968,1.93850922265967,-0.938605635419149,0.904704994280484,-1.22445063782316,0.713207729114777,1.22445063782316,-0.617912723395262,1.16470886502308,-0.971724810300041,0.569357407207581,0.971724810300041,-0.734066272230661,0.900629241724601,-0.464520668939,0.418875473755342,0.464520668939,-0.319504715479942,1.24683578253763,0.475432624661671,-0.0908729015165652,-0.475432624661671,-0.155962881021069,0.982982376515141,-1.94337139240734,0.960470601648734,1.94337139240734,-0.943452978163874,0.911088140293262,-1.30388103679316,0.732417937735623,1.30388103679316,-0.643506078028885,1.15289359199959,-1.09434776932876,0.600249246627842,1.09434776932876,-0.753142838627431,0.906277428740908,-0.600709310266656,0.451906317647026,0.600709310266656,-0.358183746387934,1.23046363670843,0.313674771251908,-0.0185173862782971,-0.313674771251908,-0.211946250430137</string>
    <boolean name="viper4android.headphonefx.viperddc.enable" value="true" />
    <boolean name="viper4android.headphonefx.playbackgain.enable" value="true" />
    <string name="viper4android.headphonefx.diffsurr.delay">1800</string>
    <string name="viper4android.headphonefx.fireq.custom">4.5;4.5;2.75;0.0;0.0;0.0;0.0;-0.5;2.75;4.0;</string>
    <string name="viper4android.headphonefx.fidelity.clarity.gain">0</string>
    <string name="viper4android.headphonefx.fidelity.bass.mode">0</string>
    <string name="viper4android.headphonefx.dynamicsystem.bass">16</string>
    <boolean name="viper4android.headphonefx.analogx.enable" value="true" />
    <string name="viper4android.headphonefx.playbackgain.maxscaler">400</string>
    <string name="viper4android.headphonefx.reverb.roomwidth">0</string>
    <string name="viper4android.headphonefx.colorfulmusic.midimage">160</string>
    <string name="viper4android.headphonefx.dynamicsystem.coeffs">100;5600;40;80;50;50</string>
    <boolean name="viper4android.headphonefx.fidelity.clarity.enable" value="true" />
    <string name="viper4android.headphonefx.fidelity.clarity.mode">0</string>
    <boolean name="viper4android.headphonefx.convolver.enable" value="true" />
    <string name="viper4android.headphonefx.playbackgain.ratio">50</string>
    <boolean name="viper4android.headphonefx.diffsurr.enable" value="true" />
    <boolean name="viper4android.headphonefx.colorfulmusic.enable" value="true" />
    <string name="viper4android.headphonefx.vhs.qual">0</string>
    <string name="viper4android.headphonefx.viperddc.device">3908349985</string>
    <string name="viper4android.headphonefx.fireq">4.5;4.5;2.75;0.0;0.0;0.0;0.0;-0.5;2.75;4.0;</string>
    <boolean name="viper4android.headphonefx.reverb.enable" value="true" />
    <string name="viper4android.headphonefx.convolver.crosschannel">10</string>
    <string name="viper4android.headphonefx.reverb.dry">50</string>
    <string name="viper4android.headphonefx.convolver.kernel">/storage/emulated/legacy/ViPER4Android/Kernel/StuderA80RCHalfInch +1dB w NoiseReduction.irs</string>
    <boolean name="viper4android.headphonefx.fidelity.bass.enable" value="true" />
    <string name="viper4android.headphonefx.fidelity.bass.freq">40</string>
    <boolean name="viper4android.headphonefx.dynamicsystem.enable" value="true" />
    <string name="viper4android.headphonefx.fidelity.bass.gain">50</string>
    <boolean name="viper4android.global.forceenable.enable" value="false" />
    <string name="viper4android.headphonefx.colorfulmusic.coeffs">180;650</string>
    <string name="viper4android.headphonefx.analogx.mode">1</string>
    <string name="viper4android.headphonefx.reverb.damp">0</string>
    <string name="viper4android.headphonefx.reverb.roomsize">0</string>
    <string name="viper4android.headphonefx.limiter">100</string>
    <boolean name="viper4android.headphonefx.fireq.enable" value="true" />
    <boolean name="viper4android.headphonefx.enable" value="true" />
    <string name="viper4android.headphonefx.playbackgain.volume">80</string>
    <string name="viper4android.headphonefx.channelpan">0</string>
    <boolean name="viper4android.headphonefx.cure.enable" value="true" />
    <string name="viper4android.headphonefx.reverb.wet">0</string>
    <string name="viper4android.headphonefx.cure.crossfeed">0</string>
    <string name="viper4android.headphonefx.vse.value">0.1</string>
</map>
