<?xml version='1.0' encoding='utf-8' standalone='yes' ?>
<map>
    <string name="viper4android.headphonefx.outvol">150</string>
    <boolean name="viper4android.headphonefx.viperddc.enable" value="true" />
    <boolean name="viper4android.headphonefx.playbackgain.enable" value="true" />
    <string name="viper4android.headphonefx.diffsurr.delay">1800</string>
    <string name="viper4android.headphonefx.fireq.custom">4.5;4.5;2.75;0.0;0.0;0.0;0.0;-0.5;2.75;4.0;</string>
    <string name="viper4android.headphonefx.fidelity.clarity.gain">0</string>
    <string name="viper4android.headphonefx.fidelity.bass.mode">0</string>
    <string name="viper4android.headphonefx.dynamicsystem.bass">16</string>
    <boolean name="viper4android.headphonefx.analogx.enable" value="true" />
    <string name="viper4android.headphonefx.playbackgain.maxscaler">400</string>
    <string name="viper4android.headphonefx.reverb.roomwidth">0</string>
    <string name="viper4android.headphonefx.colorfulmusic.midimage">160</string>
    <string name="viper4android.headphonefx.dynamicsystem.coeffs">100;5600;40;80;50;50</string>
    <boolean name="viper4android.headphonefx.fidelity.clarity.enable" value="true" />
    <string name="viper4android.headphonefx.fidelity.clarity.mode">0</string>
    <boolean name="viper4android.headphonefx.convolver.enable" value="true" />
    <string name="viper4android.headphonefx.playbackgain.ratio">50</string>
    <boolean name="viper4android.headphonefx.diffsurr.enable" value="true" />
    <boolean name="viper4android.headphonefx.colorfulmusic.enable" value="true" />
    <string name="viper4android.headphonefx.vhs.qual">0</string>
    <string name="viper4android.headphonefx.viperddc.device">7894566</string>
    <string name="viper4android.headphonefx.fireq">4.5;4.5;2.75;0.0;0.0;0.0;0.0;-0.5;2.75;4.0;</string>
    <boolean name="viper4android.headphonefx.reverb.enable" value="true" />
    <string name="viper4android.headphonefx.convolver.crosschannel">10</string>
    <string name="viper4android.headphonefx.reverb.dry">50</string>
    <string name="viper4android.headphonefx.convolver.kernel">/storage/emulated/legacy/ViPER4Android/Kernel/Urei 1178 Impulse.irs</string>
    <boolean name="viper4android.headphonefx.fidelity.bass.enable" value="true" />
    <string name="viper4android.headphonefx.fidelity.bass.freq">40</string>
    <boolean name="viper4android.headphonefx.dynamicsystem.enable" value="true" />
    <string name="viper4android.headphonefx.fidelity.bass.gain">50</string>
    <boolean name="viper4android.global.forceenable.enable" value="false" />
    <string name="viper4android.headphonefx.colorfulmusic.coeffs">180;650</string>
    <string name="viper4android.headphonefx.analogx.mode">1</string>
    <string name="viper4android.headphonefx.reverb.damp">0</string>
    <string name="viper4android.headphonefx.reverb.roomsize">0</string>
    <string name="viper4android.headphonefx.limiter">100</string>
    <boolean name="viper4android.headphonefx.fireq.enable" value="true" />
    <boolean name="viper4android.headphonefx.enable" value="true" />
    <string name="viper4android.headphonefx.playbackgain.volume">80</string>
    <string name="viper4android.headphonefx.channelpan">0</string>
    <boolean name="viper4android.headphonefx.cure.enable" value="true" />
    <string name="viper4android.headphonefx.reverb.wet">0</string>
    <string name="viper4android.headphonefx.cure.crossfeed">0</string>
    <string name="viper4android.ddcblock.7894566">0.978733156510093,-1.92293435138169,0.944396383159336,1.92293435138169,-0.92312953966943,1.07192088184238,-1.73629856275685,0.682150860590603,1.73629856275685,-0.754071742432988,0.855555987789872,-0.977496957608257,0.565292787751709,0.977496957608257,-0.420848775541581,1.07442951921116,-0.726946019954555,0.564732927061586,0.726946019954555,-0.639162446272747,0.980399936017423,-1.92898895287447,0.948754292179892,1.92898895287447,-0.929154228197315,1.06673356280596,-1.75665132989939,0.705075842172209,1.75665132989939,-0.771809404978169,0.864180653714424,-1.06875467957796,0.591248896442328,1.06875467957796,-0.455429550156753,1.06934609427714,-0.869336827959956,0.59446101767648,0.869336827959956,-0.663807111953622</string>
    <string name="viper4android.headphonefx.vse.value">0.1</string>
</map>
