<?xml version='1.0' encoding='utf-8' standalone='yes' ?>
<map>
    <string name="viper4android.headphonefx.outvol">30</string>
    <boolean name="viper4android.headphonefx.viperddc.enable" value="false" />
    <string name="viper4android.headphonefx.diffsurr.delay">200</string>
    <string name="viper4android.headphonefx.fireq.custom">1.6;2.7;3.5;3.1;2.3;3.2;2.8;3.3;1.2;0.4;</string>
    <string name="viper4android.headphonefx.fidelity.clarity.gain">150</string>
    <string name="viper4android.headphonefx.dynamicsystem.bass">60</string>
    <string name="viper4android.headphonefx.fidelity.bass.mode">0</string>
    <string name="viper4android.headphonefx.playbackgain.maxscaler">400</string>
    <boolean name="viper4android.headphonefx.vse.enable" value="false" />
    <string name="viper4android.headphonefx.reverb.roomwidth">50</string>
    <string name="viper4android.headphonefx.dynamicsystem.coeffs">100;5600;40;80;50;50</string>
    <string name="viper4android.headphonefx.colorfulmusic.midimage">200</string>
    <string name="viper4android.headphonefx.fidelity.clarity.mode">2</string>
    <string name="viper4android.headphonefx.playbackgain.ratio">50</string>
    <boolean name="viper4android.headphonefx.colorfulmusic.enable" value="false" />
    <string name="viper4android.headphonefx.vhs.qual">1</string>
    <string name="viper4android.headphonefx.fireq">custom</string>
    <string name="viper4android.headphonefx.viperddc.device">3366346244</string>
    <string name="viper4android.headphonefx.convolver.crosschannel">0</string>
    <string name="viper4android.headphonefx.reverb.dry">50</string>
    <string name="viper4android.headphonefx.convolver.kernel"></string>
    <string name="viper4android.headphonefx.fidelity.bass.freq">80</string>
    <boolean name="viper4android.headphonefx.vhs.enable" value="false" />
    <string name="viper4android.headphonefx.fidelity.bass.gain">100</string>
    <string name="viper4android.headphonefx.colorfulmusic.coeffs">140;350</string>
    <string name="viper4android.headphonefx.reverb.damp">30</string>
    <string name="viper4android.headphonefx.analogx.mode">1</string>
    <string name="viper4android.headphonefx.reverb.roomsize">60</string>
    <string name="viper4android.headphonefx.limiter">100</string>
    <string name="viper4android.headphonefx.channelpan">0</string>
    <string name="viper4android.headphonefx.playbackgain.volume">80</string>
    <boolean name="viper4android.headphonefx.enable" value="true" />
    <boolean name="viper4android.headphonefx.fireq.enable" value="false" />
    <string name="viper4android.headphonefx.reverb.wet">0</string>
    <string name="viper4android.headphonefx.cure.crossfeed">0</string>
    <string name="viper4android.headphonefx.vse.value">1.0</string>
</map>
