<?xml version='1.0' encoding='utf-8' standalone='yes' ?>
<map>
    <string name="viper4android.headphonefx.reverb.dry">50</string>
    <string name="viper4android.headphonefx.convolver.kernel"></string>
    <string name="viper4android.headphonefx.outvol">100</string>
    <string name="viper4android.speakerfx.limiter">100</string>
    <string name="viper4android.headphonefx.fireq.custom">1.6;2.7;3.5;3.1;2.3;3.2;2.8;3.3;1.2;0.4;</string>
    <boolean name="viper4android.speakerfx.enable" value="true" />
    <string name="viper4android.headphonefx.playbackgain.maxscaler">400</string>
    <string name="viper4android.headphonefx.reverb.roomwidth">50</string>
    <string name="viper4android.headphonefx.reverb.damp">30</string>
    <string name="viper4android.headphonefx.reverb.roomsize">60</string>
    <string name="viper4android.headphonefx.playbackgain.volume">80</string>
    <boolean name="viper4android.headphonefx.fireq.enable" value="true" />
    <string name="viper4android.headphonefx.playbackgain.ratio">50</string>
    <string name="viper4android.headphonefx.reverb.wet">0</string>
    <string name="viper4android.headphonefx.fireq">custom</string>
    <boolean name="viper4android.headphonefx.reverb.enable" value="true" />
    <string name="viper4android.headphonefx.convolver.crosschannel">0</string>
    <boolean name="viper4android.speakerfx.spkopt.enable" value="true" />
</map>
