<?xml version='1.0' encoding='utf-8' standalone='yes' ?>
<map>
    <string name="viper4android.headphonefx.outvol">100</string>
    <boolean name="viper4android.headphonefx.viperddc.enable" value="false" />
    <boolean name="viper4android.headphonefx.playbackgain.enable" value="false" />
    <string name="viper4android.headphonefx.fireq.custom">3.5;7.0;6.8;5.8;1.2;1.0;2.5;3.5;4.0;3.2;</string>
    <string name="viper4android.headphonefx.diffsurr.delay">200</string>
    <string name="viper4android.headphonefx.fidelity.clarity.gain">50</string>
    <string name="viper4android.headphonefx.dynamicsystem.bass">30</string>
    <string name="viper4android.headphonefx.fidelity.bass.mode">0</string>
    <boolean name="viper4android.headphonefx.vse.enable" value="false" />
    <string name="viper4android.headphonefx.playbackgain.maxscaler">300</string>
    <string name="viper4android.headphonefx.reverb.roomwidth">100</string>
    <boolean name="viper4android.headphonefx.fidelity.clarity.enable" value="true" />
    <string name="viper4android.headphonefx.dynamicsystem.coeffs">180;5800;55;80;10;70</string>
    <string name="viper4android.headphonefx.colorfulmusic.midimage">130</string>
    <boolean name="viper4android.settings.viperddc.notice" value="true" />
    <string name="viper4android.headphonefx.fidelity.clarity.mode">0</string>
    <boolean name="viper4android.headphonefx.convolver.enable" value="true" />
    <boolean name="viper4android.headphonefx.tube.enable" value="false" />
    <string name="viper4android.headphonefx.playbackgain.ratio">300</string>
    <boolean name="viper4android.headphonefx.diffsurr.enable" value="false" />
    <boolean name="viper4android.headphonefx.colorfulmusic.enable" value="true" />
    <string name="viper4android.headphonefx.vhs.qual">0</string>
    <string name="viper4android.headphonefx.fireq">custom</string>
    <string name="viper4android.headphonefx.viperddc.device"></string>
    <boolean name="viper4android.headphonefx.reverb.enable" value="false" />
    <string name="viper4android.headphonefx.convolver.crosschannel">40</string>
    <string name="viper4android.headphonefx.reverb.dry">50</string>
    <string name="viper4android.headphonefx.convolver.kernel">MGR.irs</string>
    <boolean name="viper4android.headphonefx.fidelity.bass.enable" value="true" />
    <string name="viper4android.headphonefx.fidelity.bass.freq">100</string>
    <boolean name="viper4android.headphonefx.dynamicsystem.enable" value="false" />
    <boolean name="viper4android.headphonefx.vhs.enable" value="false" />
    <string name="viper4android.headphonefx.fidelity.bass.gain">150</string>
    <string name="viper4android.headphonefx.colorfulmusic.coeffs">140;350</string>
    <string name="viper4android.headphonefx.reverb.damp">0</string>
    <string name="viper4android.headphonefx.analogx.mode">0</string>
    <string name="viper4android.headphonefx.reverb.roomsize">100</string>
    <string name="viper4android.headphonefx.limiter">100</string>
    <boolean name="viper4android.headphonefx.enable" value="false" />
    <string name="viper4android.headphonefx.channelpan">0</string>
    <boolean name="viper4android.headphonefx.fireq.enable" value="true" />
    <string name="viper4android.headphonefx.playbackgain.volume">100</string>
    <boolean name="viper4android.headphonefx.cure.enable" value="false" />
    <string name="viper4android.headphonefx.reverb.wet">0</string>
    <string name="viper4android.headphonefx.cure.crossfeed">2</string>
    <string name="viper4android.headphonefx.vse.value">0.1</string>
</map>
