<?xml version='1.0' encoding='utf-8' standalone='yes' ?>
<map>
    <string name="viper4android.headphonefx.outvol">100</string>
    <boolean name="viper4android.headphonefx.playbackgain.enable" value="true" />
    <string name="viper4android.headphonefx.fireq.custom">-0.9;1.1;6.0;5.0;2.0;-0.4;-1.0;-1.4;-2.6;-1.3;</string>
    <boolean name="viper4android.speakerfx.enable" value="true" />
    <string name="viper4android.headphonefx.playbackgain.maxscaler">400</string>
    <string name="viper4android.headphonefx.reverb.roomwidth">0</string>
    <boolean name="viper4android.headphonefx.convolver.enable" value="true" />
    <string name="viper4android.headphonefx.playbackgain.ratio">300</string>
    <string name="viper4android.headphonefx.fireq">custom</string>
    <boolean name="viper4android.headphonefx.reverb.enable" value="false" />
    <string name="viper4android.headphonefx.convolver.crosschannel">0</string>
    <string name="viper4android.headphonefx.reverb.dry">50</string>
    <string name="viper4android.headphonefx.convolver.kernel">MGR.irs</string>
    <string name="viper4android.speakerfx.limiter">100</string>
    <boolean name="viper4android.global.forceenable.enable" value="false" />
    <string name="viper4android.headphonefx.reverb.damp">0</string>
    <string name="viper4android.headphonefx.reverb.roomsize">0</string>
    <string name="viper4android.headphonefx.limiter">100</string>
    <boolean name="viper4android.headphonefx.fireq.enable" value="true" />
    <string name="viper4android.headphonefx.playbackgain.volume">80</string>
    <string name="viper4android.headphonefx.channelpan">0</string>
    <string name="viper4android.headphonefx.reverb.wet">0</string>
    <boolean name="viper4android.speakerfx.spkopt.enable" value="false" />
</map>
