<?xml version='1.0' encoding='utf-8' standalone='yes' ?>
<map>
    <string name="viper4android.headphonefx.outvol">100</string>
    <boolean name="viper4android.headphonefx.viperddc.enable" value="true" />
    <boolean name="viper4android.headphonefx.playbackgain.enable" value="false" />
    <string name="viper4android.headphonefx.fireq.custom">0.0;0.0;0.0;0.0;0.0;0.0;0.0;0.0;0.0;0.0;</string>
    <string name="viper4android.headphonefx.diffsurr.delay">200</string>
    <boolean name="viper4android.headphonefx.analogx.enable" value="true" />
    <string name="viper4android.headphonefx.fidelity.bass.mode">0</string>
    <string name="viper4android.headphonefx.playbackgain.maxscaler">1000</string>
    <string name="viper4android.headphonefx.dynamicsystem.coeffs">100;5600;40;80;50;50</string>
    <boolean name="viper4android.headphonefx.tube.enable" value="false" />
    <boolean name="viper4android.headphonefx.diffsurr.enable" value="false" />
    <string name="viper4android.headphonefx.playbackgain.ratio">300</string>
    <string name="viper4android.headphonefx.viperddc.device">1341436792</string>
    <boolean name="viper4android.headphonefx.dynamicsystem.tube" value="false" />
    <boolean name="viper4android.headphonefx.fidelity.bass.enable" value="true" />
    <boolean name="viper4android.headphonefx.dynamicsystem.enable" value="false" />
    <string name="viper4android.headphonefx.fidelity.bass.gain">600</string>
    <string name="viper4android.headphonefx.colorfulmusic.coeffs">200;800</string>
    <string name="viper4android.headphonefx.analogx.mode">1</string>
    <string name="viper4android.headphonefx.channelpan">0</string>
    <boolean name="viper4android.headphonefx.cure.enable" value="true" />
    <string name="viper4android.headphonefx.reverb.wet">0</string>
    <string name="viper4android.headphonefx.vse.value">0.1</string>
    <string name="viper4android.headphonefx.fidelity.clarity.gain">200</string>
    <boolean name="viper4android.speakerfx.enable" value="false" />
    <string name="viper4android.headphonefx.dynamicsystem.bass">0</string>
    <string name="viper4android.headphonefx.reverb.roomwidth">0</string>
    <boolean name="viper4android.headphonefx.fidelity.clarity.enable" value="true" />
    <string name="viper4android.headphonefx.colorfulmusic.midimage">200</string>
    <string name="viper4android.headphonefx.fidelity.clarity.mode">0</string>
    <boolean name="viper4android.headphonefx.convolver.enable" value="false" />
    <boolean name="viper4android.headphonefx.colorfulmusic.enable" value="false" />
    <string name="viper4android.headphonefx.vhs.qual">0</string>
    <string name="viper4android.headphonefx.fireq">0.0;0.0;0.0;0.0;0.0;0.0;0.0;0.0;0.0;0.0;</string>
    <boolean name="viper4android.headphonefx.reverb.enable" value="false" />
    <string name="viper4android.headphonefx.convolver.crosschannel">0</string>
    <string name="viper4android.headphonefx.reverb.dry">50</string>
    <string name="viper4android.headphonefx.convolver.kernel">/storage/emulated/legacy/ViPER4Android/Kernel/BBE Harmonic Maximizer Preset 4.irs</string>
    <string name="viper4android.speakerfx.limiter">100</string>
    <string name="viper4android.headphonefx.fidelity.bass.freq">100</string>
    <boolean name="viper4android.headphonefx.vhs.enable" value="false" />
    <boolean name="viper4android.global.forceenable.enable" value="false" />
    <string name="viper4android.headphonefx.reverb.damp">0</string>
    <string name="viper4android.headphonefx.reverb.roomsize">0</string>
    <string name="viper4android.headphonefx.limiter">100</string>
    <boolean name="viper4android.headphonefx.fireq.enable" value="false" />
    <boolean name="viper4android.headphonefx.enable" value="true" />
    <string name="viper4android.headphonefx.playbackgain.volume">100</string>
    <string name="viper4android.headphonefx.cure.crossfeed">2</string>
    <boolean name="viper4android.speakerfx.spkopt.enable" value="false" />
</map>
