<?xml version='1.0' encoding='utf-8' standalone='yes' ?>
<map>
    <string name="viper4android.headphonefx.outvol">180</string>
    <boolean name="viper4android.headphonefx.playbackgain.enable" value="true" />
    <string name="viper4android.headphonefx.diffsurr.delay">800</string>
    <string name="viper4android.headphonefx.fireq.custom">0.0;0.0;0.0;0.0;0.0;0.0;0.0;0.0;-6.5;-4.0;</string>
    <string name="viper4android.headphonefx.fidelity.bass.mode">0</string>
    <string name="viper4android.headphonefx.playbackgain.maxscaler">500</string>
    <string name="viper4android.headphonefx.dynamicsystem.coeffs">1000;6200;40;80;0;10</string>
    <boolean name="viper4android.speakerfx.fetcompressor.autogain" value="true" />
    <boolean name="viper4android.headphonefx.tube.enable" value="false" />
    <string name="viper4android.headphonefx.playbackgain.ratio">100</string>
    <boolean name="viper4android.headphonefx.diffsurr.enable" value="true" />
    <boolean name="viper4android.headphonefx.fidelity.bass.enable" value="true" />
    <string name="viper4android.speakerfx.fetcompressor.threshold">85</string>
    <boolean name="viper4android.headphonefx.dynamicsystem.enable" value="true" />
    <string name="viper4android.headphonefx.fidelity.bass.gain">250</string>
    <string name="viper4android.headphonefx.colorfulmusic.coeffs">170;575</string>
    <string name="viper4android.speakerfx.fetcompressor.maxattack">61</string>
    <string name="viper4android.headphonefx.channelpan">0</string>
    <boolean name="viper4android.headphonefx.cure.enable" value="true" />
    <string name="viper4android.headphonefx.reverb.wet">21</string>
    <string name="viper4android.speakerfx.fetcompressor.maxrelease">21</string>
    <boolean name="viper4android.speakerfx.fetcompressor.enable" value="false" />
    <string name="viper4android.headphonefx.fidelity.clarity.gain">250</string>
    <string name="viper4android.speakerfx.fetcompressor.ratio">62</string>
    <boolean name="viper4android.speakerfx.enable" value="true" />
    <string name="viper4android.headphonefx.dynamicsystem.bass">100</string>
    <string name="viper4android.headphonefx.reverb.roomwidth">35</string>
    <boolean name="viper4android.headphonefx.fidelity.clarity.enable" value="true" />
    <string name="viper4android.headphonefx.colorfulmusic.midimage">100</string>
    <string name="viper4android.speakerfx.fetcompressor.adapt">75</string>
    <string name="viper4android.headphonefx.fidelity.clarity.mode">2</string>
    <string name="viper4android.speakerfx.fetcompressor.crest">47</string>
    <boolean name="viper4android.headphonefx.convolver.enable" value="true" />
    <boolean name="viper4android.headphonefx.colorfulmusic.enable" value="false" />
    <string name="viper4android.headphonefx.vhs.qual">0</string>
    <string name="viper4android.headphonefx.fireq">0.0;0.0;0.0;0.0;0.0;0.0;0.0;0.0;-6.5;-4.0;</string>
    <boolean name="viper4android.headphonefx.reverb.enable" value="false" />
    <string name="viper4android.headphonefx.convolver.crosschannel">47</string>
    <string name="viper4android.headphonefx.reverb.dry">100</string>
    <string name="viper4android.headphonefx.convolver.kernel">srs_2_1.irs</string>
    <string name="viper4android.speakerfx.limiter">90</string>
    <string name="viper4android.headphonefx.fidelity.bass.freq">40</string>
    <boolean name="viper4android.headphonefx.vhs.enable" value="true" />
    <boolean name="viper4android.global.forceenable.enable" value="false" />
    <string name="viper4android.speakerfx.fetcompressor.kneemulti">39</string>
    <string name="viper4android.headphonefx.reverb.damp">33</string>
    <string name="viper4android.headphonefx.reverb.roomsize">0</string>
    <string name="viper4android.headphonefx.limiter">90</string>
    <string name="viper4android.headphonefx.playbackgain.volume">90</string>
    <boolean name="viper4android.headphonefx.fireq.enable" value="false" />
    <boolean name="viper4android.headphonefx.enable" value="true" />
    <string name="viper4android.headphonefx.cure.crossfeed">1</string>
    <boolean name="viper4android.speakerfx.spkopt.enable" value="false" />
</map>
