<?xml version='1.0' encoding='utf-8' standalone='yes' ?>
<map>
    <string name="viper4android.headphonefx.outvol">30</string>
    <string name="viper4android.headphonefx.fireq.custom">0.0;0.0;0.0;0.0;0.0;0.0;0.0;0.0;4.0;6.5;</string>
    <string name="viper4android.headphonefx.diffsurr.delay">500</string>
    <string name="viper4android.headphonefx.fidelity.clarity.gain">200</string>
    <string name="viper4android.headphonefx.dynamicsystem.bass">50</string>
    <string name="viper4android.headphonefx.fidelity.bass.mode">1</string>
    <string name="viper4android.headphonefx.playbackgain.maxscaler">400</string>
    <string name="viper4android.headphonefx.reverb.roomwidth">0</string>
    <string name="viper4android.headphonefx.dynamicsystem.coeffs">1000;6200;50;90;30;10</string>
    <string name="viper4android.headphonefx.colorfulmusic.midimage">170</string>
    <string name="viper4android.headphonefx.fidelity.clarity.mode">2</string>
    <string name="viper4android.headphonefx.playbackgain.ratio">100</string>
    <string name="viper4android.headphonefx.vhs.qual">0</string>
    <string name="viper4android.headphonefx.fireq">0.0;0.0;0.0;0.0;0.0;0.0;0.0;0.0;4.0;6.5;</string>
    <string name="viper4android.headphonefx.viperddc.device">2583883596</string>
    <string name="viper4android.headphonefx.convolver.crosschannel">0</string>
    <string name="viper4android.headphonefx.reverb.dry">50</string>
    <string name="viper4android.headphonefx.convolver.kernel">/storage/emulated/legacy/ViPER4Android/Kernel/TRacks Studio Pro Sound 2.irs</string>
    <string name="viper4android.headphonefx.fidelity.bass.freq">78</string>
    <string name="viper4android.headphonefx.fidelity.bass.gain">300</string>
    <string name="viper4android.headphonefx.colorfulmusic.coeffs">180;650</string>
    <string name="viper4android.headphonefx.reverb.damp">10</string>
    <string name="viper4android.headphonefx.analogx.mode">1</string>
    <string name="viper4android.headphonefx.reverb.roomsize">0</string>
    <string name="viper4android.headphonefx.limiter">100</string>
    <string name="viper4android.headphonefx.channelpan">0</string>
    <string name="viper4android.headphonefx.playbackgain.volume">100</string>
    <boolean name="viper4android.headphonefx.enable" value="true" />
    <string name="viper4android.headphonefx.reverb.wet">10</string>
    <string name="viper4android.headphonefx.cure.crossfeed">2</string>
    <string name="viper4android.headphonefx.vse.value">0.1</string>
</map>
