<?xml version='1.0' encoding='utf-8' standalone='yes' ?>
<map>
    <string name="viper4android.headphonefx.outvol">50</string>
    <boolean name="viper4android.headphonefx.viperddc.enable" value="true" />
    <boolean name="viper4android.headphonefx.playbackgain.enable" value="true" />
    <string name="viper4android.headphonefx.diffsurr.delay">500</string>
    <string name="viper4android.headphonefx.fireq.custom">0.0;0.0;0.0;0.0;0.0;0.0;0.0;0.0;4.0;6.5;</string>
    <string name="viper4android.headphonefx.fidelity.clarity.gain">200</string>
    <string name="viper4android.headphonefx.fidelity.bass.mode">1</string>
    <string name="viper4android.headphonefx.dynamicsystem.bass">50</string>
    <boolean name="viper4android.headphonefx.analogx.enable" value="true" />
    <string name="viper4android.headphonefx.playbackgain.maxscaler">400</string>
    <string name="viper4android.ddcblock.2583883596">0.990142251359562,-1.96042540968543,0.970332903628464,1.96042540968543,-0.960475154988025,1.43443914604235,-0.625904780418586,-0.550848344174984,0.625904780418586,0.116409198132637,1.13940818787854,0.256358508705744,-0.216229399922123,-0.256358508705744,0.0768212120435831,0.990928634787983,-1.96358611779775,0.972699540657556,1.96358611779775,-0.963628175445538,1.41576244303256,-0.700403179542664,-0.484176787982969,0.700403179542664,0.0684143449504065,1.13134236450885,0.128631092935922,-0.14586128405976,-0.128631092935922,0.0145189195509129</string>
    <string name="viper4android.headphonefx.reverb.roomwidth">0</string>
    <string name="viper4android.headphonefx.colorfulmusic.midimage">170</string>
    <string name="viper4android.headphonefx.dynamicsystem.coeffs">1000;6200;50;90;30;10</string>
    <boolean name="viper4android.headphonefx.fidelity.clarity.enable" value="true" />
    <string name="viper4android.headphonefx.fidelity.clarity.mode">2</string>
    <boolean name="viper4android.headphonefx.convolver.enable" value="true" />
    <string name="viper4android.headphonefx.playbackgain.ratio">100</string>
    <boolean name="viper4android.headphonefx.colorfulmusic.enable" value="true" />
    <string name="viper4android.headphonefx.vhs.qual">0</string>
    <string name="viper4android.headphonefx.viperddc.device">2583883596</string>
    <string name="viper4android.headphonefx.fireq">0.0;0.0;0.0;0.0;0.0;0.0;0.0;0.0;4.0;6.5;</string>
    <string name="viper4android.headphonefx.convolver.crosschannel">70</string>
    <string name="viper4android.headphonefx.reverb.dry">50</string>
    <string name="viper4android.headphonefx.convolver.kernel">/storage/emulated/legacy/ViPER4Android/Kernel/TRacks Studio Pro Sound 2.irs</string>
    <boolean name="viper4android.headphonefx.fidelity.bass.enable" value="true" />
    <string name="viper4android.headphonefx.fidelity.bass.freq">78</string>
    <boolean name="viper4android.headphonefx.vhs.enable" value="true" />
    <boolean name="viper4android.headphonefx.dynamicsystem.enable" value="true" />
    <string name="viper4android.headphonefx.fidelity.bass.gain">300</string>
    <boolean name="viper4android.global.forceenable.enable" value="false" />
    <string name="viper4android.headphonefx.colorfulmusic.coeffs">180;650</string>
    <string name="viper4android.headphonefx.analogx.mode">1</string>
    <string name="viper4android.headphonefx.reverb.damp">10</string>
    <string name="viper4android.headphonefx.reverb.roomsize">0</string>
    <string name="viper4android.headphonefx.limiter">90</string>
    <boolean name="viper4android.headphonefx.fireq.enable" value="true" />
    <boolean name="viper4android.headphonefx.enable" value="true" />
    <string name="viper4android.headphonefx.playbackgain.volume">100</string>
    <string name="viper4android.headphonefx.channelpan">0</string>
    <string name="viper4android.headphonefx.reverb.wet">10</string>
    <string name="viper4android.headphonefx.cure.crossfeed">2</string>
    <string name="viper4android.headphonefx.vse.value">0.1</string>
</map>
