<?xml version='1.0' encoding='utf-8' standalone='yes' ?>
<map>
    <string name="viper4android.headphonefx.reverb.dry">50</string>
    <string name="viper4android.headphonefx.convolver.kernel">/storage/emulated/legacy/ViPER4Android/Kernel/Oxycontin.irs</string>
    <string name="viper4android.headphonefx.outvol">100</string>
    <string name="viper4android.speakerfx.limiter">30</string>
    <string name="viper4android.headphonefx.fireq.custom">2.5;4.3;4.9;3.8;1.4;1.9;5.0;7.0;6.8;5.7;</string>
    <boolean name="viper4android.speakerfx.enable" value="true" />
    <string name="viper4android.headphonefx.playbackgain.maxscaler">400</string>
    <string name="viper4android.headphonefx.reverb.roomwidth">0</string>
    <string name="viper4android.headphonefx.reverb.damp">0</string>
    <string name="viper4android.headphonefx.reverb.roomsize">0</string>
    <boolean name="viper4android.headphonefx.convolver.enable" value="true" />
    <string name="viper4android.headphonefx.playbackgain.volume">80</string>
    <boolean name="viper4android.headphonefx.fireq.enable" value="true" />
    <string name="viper4android.headphonefx.playbackgain.ratio">50</string>
    <string name="viper4android.headphonefx.reverb.wet">0</string>
    <string name="viper4android.headphonefx.fireq">custom</string>
    <boolean name="viper4android.speakerfx.spkopt.enable" value="true" />
    <string name="viper4android.headphonefx.convolver.crosschannel">40</string>
</map>
